asset_type,federal,foreign,municipal,private,regional,TOTAL
diamond,458.0,0.0,26.9,764.9,262.5,1512.3
oil_gas,253.6,78.30000000000001,0.0,1200.0,180.0,1711.9
coal,0.0,0.0,0.0,1280.0,17.6,1297.6
electricity,241.79999999999998,0.0,0.0,0.0,30.4,272.2
transport,365.0,0.0,0.0,0.0,0.0,365.0
gas,140.0,0.0,0.0,0.0,0.0,140.0
gold,0.0,0.0,0.0,220.0,0.0,220.0
timber,0.0,0.0,0.0,21.2,48.0,69.2
